<INVENTORY>
	<PRODUCT>
		<ITEM>Gizmo A</ITEM>
		<PRICE>1</PRICE>
	</PRODUCT>
	<PRODUCT>
		<ITEM>Gizmo B</ITEM>
		<PRICE>2</PRICE>
	</PRODUCT>
	<PRODUCT>
		<ITEM>Gizmo C</ITEM>
		<PRICE>4</PRICE>
	</PRODUCT>
	<PRODUCT>
		<ITEM>Gizmo D</ITEM>
		<PRICE>31</PRICE>
	</PRODUCT>
	<PRODUCT>
		<ITEM>Gizmo E</ITEM>
		<PRICE>22</PRICE>
	</PRODUCT>
	<PRODUCT>
		<ITEM>Gizmo F</ITEM>
		<PRICE>14</PRICE>
	</PRODUCT>
	<PRODUCT>
		<ITEM>Gizmo G</ITEM>
		<PRICE>1</PRICE>
	</PRODUCT>
	<PRODUCT>
		<ITEM>Gizmo H</ITEM>
		<PRICE>65</PRICE>
	</PRODUCT>
	<PRODUCT>
		<ITEM>Gizmo I</ITEM>
		<PRICE>24</PRICE>
	</PRODUCT>
	<PRODUCT>
		<ITEM>Gizmo J</ITEM>
		<PRICE>15</PRICE>
	</PRODUCT>
	<PRODUCT>
		<ITEM>Gizmo K</ITEM>
		<PRICE>12</PRICE>
	</PRODUCT>
</INVENTORY>